{
    "validation": {
        "samples_looked_at": [
            8761,
            17520,
            26246,
            34940,
            43584,
            52155,
            60642,
            68998,
            77125,
            86167
        ],
        "validation_loss": [
            2.3206348625480704,
            2.1790465858811183,
            1.8473322787183397,
            1.5300155311611527,
            1.2921868958371752,
            1.0192467569459414,
            1.0247265832643981,
            0.9227804356432976,
            0.9188779671986897,
            0.9278436293838718
        ],
        "validation_accuracy": [
            0.44002659574468084,
            0.5178634751773049,
            0.5510195035460993,
            0.6028368794326241,
            0.6408244680851064,
            0.7003989361702128,
            0.6926418439716312,
            0.7111258865248227,
            0.7120567375886525,
            0.7071808510638298
        ]
    },
    "evaluation": {
        "samples_looked_at": [
            8761,
            17520,
            26246,
            34940,
            43584,
            52155,
            60642,
            68998,
            77125,
            86167
        ],
        "evaluation_loss": [
            2.343625319866424,
            2.2194165741129126,
            1.8764310113419878,
            1.561810676189179,
            1.321386819697441,
            1.0463860948542332,
            1.0532176171972396,
            0.9405250478298106,
            0.9399355428776842,
            0.9396915641744086
        ],
        "evaluation_accuracy": [
            0.43659574468085105,
            0.5143085106382979,
            0.5502659574468085,
            0.5961702127659575,
            0.6377659574468085,
            0.6973404255319149,
            0.6903191489361702,
            0.7107978723404256,
            0.7083510638297872,
            0.7039893617021277
        ]
    }
}