{
    "validation": {
        "samples_looked_at": [
            766,
            1546,
            2323,
            3100,
            3877,
            4651,
            5425,
            6186,
            6947,
            7702,
            8449,
            9172,
            9993
        ],
        "validation_loss": [
            3.4903898811340333,
            7.217613075256348,
            4.305291942596435,
            2.8658275527954102,
            3.0593157386779786,
            2.214877426147461,
            2.655373092651367,
            1.893710548400879,
            1.7853074951171874,
            1.7163609371185302,
            1.6322652702331544,
            1.9968562850952147,
            1.9378627281188965
        ],
        "validation_accuracy": [
            0.1385,
            0.055,
            0.1225,
            0.284,
            0.305,
            0.421,
            0.3135,
            0.4755,
            0.5065,
            0.52,
            0.5485,
            0.4285,
            0.481
        ]
    },
    "evaluation": {
        "samples_looked_at": [
            766,
            1546,
            2323,
            3100,
            3877,
            4651,
            5425,
            6186,
            6947,
            7702,
            8449,
            9172,
            9993
        ],
        "evaluation_loss": [
            3.460471787261963,
            7.145712176513672,
            4.3617522834777835,
            2.919582786178589,
            3.083466833114624,
            2.1821806842803957,
            2.7603936107635496,
            1.8963578409194946,
            1.777296185684204,
            1.7327137176513672,
            1.633266972732544,
            1.958677628326416,
            1.9055218709945678
        ],
        "evaluation_accuracy": [
            0.147,
            0.0564,
            0.1206,
            0.277,
            0.3005,
            0.4297,
            0.3104,
            0.4901,
            0.5211,
            0.5229,
            0.5449,
            0.4448,
            0.4868
        ]
    }
}