{
    "validation": {
        "samples_looked_at": [
            745,
            1504,
            2263,
            3022,
            3771,
            4518,
            5258,
            5974,
            6680,
            7386,
            8069,
            8752,
            9393,
            10213
        ],
        "validation_loss": [
            3.5724076099395754,
            3.109317741394043,
            2.4745683269500733,
            2.644821502685547,
            2.493272937774658,
            2.3985774688720705,
            2.2957240104675294,
            2.6631508560180666,
            2.0256847820281982,
            3.6607754669189454,
            1.7733894901275635,
            1.5694777183532715,
            1.5666579093933106,
            1.7098491725921632
        ],
        "validation_accuracy": [
            0.04,
            0.1755,
            0.332,
            0.3465,
            0.365,
            0.423,
            0.394,
            0.328,
            0.4475,
            0.2605,
            0.507,
            0.558,
            0.5505,
            0.5265
        ]
    },
    "evaluation": {
        "samples_looked_at": [
            745,
            1504,
            2263,
            3022,
            3771,
            4518,
            5258,
            5974,
            6680,
            7386,
            8069,
            8752,
            9393,
            10213
        ],
        "evaluation_loss": [
            3.5869139602661133,
            3.1705808639526367,
            2.510847452926636,
            2.701658672332764,
            2.49650725440979,
            2.382590203857422,
            2.3251980014801026,
            2.6596008750915527,
            2.0174069011688234,
            3.6730756973266603,
            1.759505578994751,
            1.5553022535324097,
            1.5488286334991455,
            1.7027208793640136
        ],
        "evaluation_accuracy": [
            0.0369,
            0.165,
            0.3197,
            0.345,
            0.3499,
            0.4262,
            0.3901,
            0.3359,
            0.4408,
            0.2472,
            0.498,
            0.5516,
            0.5594,
            0.5259
        ]
    }
}