{
    "validation": {
        "samples_looked_at": [
            9002,
            18022,
            27044,
            36071,
            45103,
            54126,
            63152,
            72178,
            81206,
            90251
        ],
        "validation_loss": [
            2.4953734681961386,
            2.417338737528375,
            2.1775509306725036,
            1.859725577780541,
            1.5453915406626166,
            1.500028853551716,
            1.1296562270915254,
            0.9787672589011226,
            0.8851025626169029,
            1.0884629941155723
        ],
        "validation_accuracy": [
            0.4203014184397163,
            0.4919769503546099,
            0.5245567375886525,
            0.5717198581560283,
            0.6193705673758865,
            0.6293439716312057,
            0.6836436170212766,
            0.7118794326241135,
            0.725177304964539,
            0.6829343971631205
        ]
    },
    "evaluation": {
        "samples_looked_at": [
            9002,
            18022,
            27044,
            36071,
            45103,
            54126,
            63152,
            72178,
            81206,
            90251
        ],
        "evaluation_loss": [
            2.483126306736723,
            2.4354841530576667,
            2.181456862409064,
            1.861508454261942,
            1.5565622108540635,
            1.5142383247740725,
            1.1429479295142153,
            0.9935764994012548,
            0.9040655643381971,
            1.089117644898435
        ],
        "evaluation_accuracy": [
            0.4257446808510638,
            0.4878723404255319,
            0.5261170212765958,
            0.5718617021276595,
            0.6193085106382978,
            0.6279787234042553,
            0.6854787234042553,
            0.7092021276595745,
            0.7261702127659575,
            0.6850531914893617
        ]
    }
}