{
    "validation": {
        "samples_looked_at": [
            779,
            1574,
            2369,
            3164,
            3970,
            4778,
            5572,
            6379,
            7181,
            7984,
            8804
        ],
        "validation_loss": [
            3.880552927017212,
            4.328521661758423,
            3.016439458847046,
            2.895456970214844,
            2.8830260162353514,
            2.3454111824035646,
            2.3968383407592775,
            1.879140697479248,
            1.9601298751831056,
            1.8179024925231935,
            1.6802082061767578
        ],
        "validation_accuracy": [
            0.0585,
            0.1035,
            0.2605,
            0.273,
            0.3295,
            0.419,
            0.3735,
            0.465,
            0.481,
            0.475,
            0.5425
        ]
    },
    "evaluation": {
        "samples_looked_at": [
            779,
            1574,
            2369,
            3164,
            3970,
            4778,
            5572,
            6379,
            7181,
            7984,
            8804
        ],
        "evaluation_loss": [
            3.8653846084594727,
            4.327125511169434,
            3.0260445068359374,
            2.863955337905884,
            2.9224251091003417,
            2.3849354217529295,
            2.3304479133605955,
            1.8848129947662353,
            1.9484493057250976,
            1.828715496444702,
            1.7035442333221436
        ],
        "evaluation_accuracy": [
            0.0619,
            0.1151,
            0.2794,
            0.2808,
            0.3438,
            0.4108,
            0.3779,
            0.4675,
            0.4946,
            0.4872,
            0.545
        ]
    }
}