{
    "validation": {
        "samples_looked_at": [
            8523,
            17011,
            25434,
            33857,
            42211,
            50467,
            58584,
            66530,
            74202,
            81421,
            90470
        ],
        "validation_loss": [
            2.45333042516776,
            1.9925535218935486,
            1.5891200270213135,
            1.455837262775881,
            1.3071938115654262,
            1.1492286217128131,
            0.9642169693683056,
            0.9758058230082194,
            0.8424262675833195,
            0.9783434810367881,
            1.1198232221265212
        ],
        "validation_accuracy": [
            0.41702127659574467,
            0.4859485815602837,
            0.5861702127659575,
            0.6125886524822695,
            0.6273492907801419,
            0.6774822695035461,
            0.7151152482269504,
            0.7127216312056738,
            0.7418882978723405,
            0.6971631205673758,
            0.6523492907801418
        ]
    },
    "evaluation": {
        "samples_looked_at": [
            8523,
            17011,
            25434,
            33857,
            42211,
            50467,
            58584,
            66530,
            74202,
            81421,
            90470
        ],
        "evaluation_loss": [
            2.47924366159642,
            2.0160542032566475,
            1.6177952593945442,
            1.4809890696342956,
            1.3224547638791673,
            1.1657533067845283,
            0.9992026063229176,
            1.0046705490984815,
            0.8643560678400892,
            0.9791419042932227,
            1.1289747914862125
        ],
        "evaluation_accuracy": [
            0.4131382978723404,
            0.48531914893617023,
            0.584095744680851,
            0.6067021276595744,
            0.6261702127659574,
            0.6798404255319149,
            0.711063829787234,
            0.7042553191489361,
            0.74,
            0.6981382978723404,
            0.6471808510638298
        ]
    }
}