{
    "validation": {
        "samples_looked_at": [
            10000,
            20000,
            30000,
            40000,
            50000,
            60000,
            70000,
            80000,
            90000,
            100000
        ],
        "validation_loss": [
            4.111343052370328,
            6.62024221826107,
            5.334200452574602,
            8.146107148785964,
            9.233975428046909,
            9.801423461048316,
            5.577396082370839,
            6.247059088903116,
            6.618268200353528,
            5.251871594638689
        ],
        "validation_accuracy": [
            0.03568262411347518,
            0.03368794326241135,
            0.08967198581560283,
            0.09423758865248227,
            0.12433510638297872,
            0.08377659574468085,
            0.099822695035461,
            0.10673758865248227,
            0.19268617021276596,
            0.22544326241134752
        ]
    },
    "evaluation": {
        "samples_looked_at": [
            10000,
            20000,
            30000,
            40000,
            50000,
            60000,
            70000,
            80000,
            90000,
            100000
        ],
        "evaluation_loss": [
            4.1021527704279475,
            6.622721431001704,
            5.342836670571185,
            8.209910087585449,
            9.291478644026087,
            9.866651882415121,
            5.617688693188606,
            6.26527325609897,
            6.5979164618634165,
            5.253690851495621
        ],
        "evaluation_accuracy": [
            0.035851063829787234,
            0.03212765957446809,
            0.08845744680851064,
            0.0925,
            0.12111702127659575,
            0.08191489361702127,
            0.09638297872340426,
            0.10776595744680852,
            0.19659574468085106,
            0.22430851063829788
        ]
    }
}