{
    "validation": {
        "samples_looked_at": [
            1000,
            2000,
            3000,
            4000,
            5000,
            6000,
            7000,
            8000,
            9000,
            10000
        ],
        "validation_loss": [
            3.8129241523742676,
            3.71065544128418,
            3.5567993488311767,
            3.4059279747009277,
            3.150185688018799,
            3.013769561767578,
            3.004611114501953,
            3.163410491943359,
            2.799641843795776,
            2.238914276123047
        ],
        "validation_accuracy": [
            0.04800000002980232,
            0.07149999994039535,
            0.08100000023841858,
            0.19999999976158142,
            0.18200000023841859,
            0.26250000011920926,
            0.2740000002384186,
            0.34200000047683715,
            0.22349999988079072,
            0.37099999976158143
        ]
    },
    "evaluation": {
        "samples_looked_at": [
            1000,
            2000,
            3000,
            4000,
            5000,
            6000,
            7000,
            8000,
            9000,
            10000
        ],
        "evaluation_loss": [
            3.811938843536377,
            3.708902491378784,
            3.5520605445861815,
            3.4032536682128907,
            3.1606174282073973,
            3.0209632064819334,
            3.0040026191711426,
            3.161816019821167,
            2.8121210388183595,
            2.291057423019409
        ],
        "evaluation_accuracy": [
            0.0565,
            0.0708,
            0.0874,
            0.2105,
            0.1778,
            0.2571,
            0.2627,
            0.3392,
            0.2151,
            0.3582
        ]
    }
}