{
    "validation": {
        "samples_looked_at": [
            8999,
            18029,
            27059,
            36081,
            45108,
            54137,
            63154,
            72174,
            81203,
            90226,
            99269
        ],
        "validation_loss": [
            3.671376789715273,
            2.466011130556147,
            2.078516031495223,
            2.0542876852319596,
            1.6275040626525878,
            1.3319668715727244,
            1.3659968129286528,
            1.2099035236006932,
            0.9940171914743193,
            0.9935277038432182,
            1.38721864477117
        ],
        "validation_accuracy": [
            0.343927304964539,
            0.47761524822695034,
            0.5368351063829787,
            0.5516843971631206,
            0.6033687943262411,
            0.6431294326241135,
            0.6534574468085106,
            0.6621010638297873,
            0.7102393617021276,
            0.7135195035460993,
            0.6019060283687944
        ]
    },
    "evaluation": {
        "samples_looked_at": [
            8999,
            18029,
            27059,
            36081,
            45108,
            54137,
            63154,
            72174,
            81203,
            90226,
            99269
        ],
        "evaluation_loss": [
            3.6904713636763553,
            2.500175060921527,
            2.1210199220129784,
            2.090417851082822,
            1.667671316735288,
            1.3623440634950679,
            1.4020726648290107,
            1.2358723326946828,
            1.0188380608152836,
            1.0154148097748452,
            1.4071992377017406
        ],
        "evaluation_accuracy": [
            0.3393617021276596,
            0.4743085106382979,
            0.5340425531914894,
            0.553936170212766,
            0.600531914893617,
            0.6430851063829788,
            0.6537765957446808,
            0.6599468085106382,
            0.7068617021276595,
            0.7075531914893617,
            0.5951595744680851
        ]
    }
}