{
    "validation": {
        "samples_looked_at": [
            781,
            1584,
            2383,
            3182,
            3979,
            4776,
            5580,
            6380,
            7172,
            7976,
            8774,
            9595
        ],
        "validation_loss": [
            3.7938218994140627,
            3.5806575546264647,
            2.794457733154297,
            2.970287322998047,
            2.4849405555725097,
            2.7071489753723146,
            2.0163603677749635,
            2.2039304180145263,
            2.0889904899597167,
            1.7454081859588624,
            1.8230598945617675,
            1.831349151611328
        ],
        "validation_accuracy": [
            0.084,
            0.118,
            0.2575,
            0.2905,
            0.408,
            0.379,
            0.4705,
            0.4345,
            0.4375,
            0.516,
            0.4965,
            0.546
        ]
    },
    "evaluation": {
        "samples_looked_at": [
            781,
            1584,
            2383,
            3182,
            3979,
            4776,
            5580,
            6380,
            7172,
            7976,
            8774,
            9595
        ],
        "evaluation_loss": [
            3.790055030822754,
            3.585707109451294,
            2.839745585632324,
            3.050288814163208,
            2.4985665664672854,
            2.7682286895751953,
            2.054531660079956,
            2.207347280883789,
            2.1180331623077393,
            1.772659336090088,
            1.8275836233139038,
            1.8474002977371216
        ],
        "evaluation_accuracy": [
            0.0812,
            0.1234,
            0.2667,
            0.2907,
            0.4073,
            0.3776,
            0.4535,
            0.4397,
            0.4357,
            0.5081,
            0.4951,
            0.5368
        ]
    }
}