{
    "validation": {
        "samples_looked_at": [
            10000,
            20000,
            30000,
            40000,
            50000,
            60000,
            70000,
            80000,
            90000,
            100000
        ],
        "validation_loss": [
            2.5208728492682706,
            1.886996518804672,
            1.2784837024431701,
            1.0597719621996509,
            0.9472928811472359,
            0.7944247574670941,
            0.8111826035993319,
            0.6660584901241546,
            0.6975753077801238,
            0.6526903148238541
        ],
        "validation_accuracy": [
            0.36059397163120566,
            0.4426418439716312,
            0.6276595744680851,
            0.6702570921985815,
            0.7203457446808511,
            0.7601063829787233,
            0.762322695035461,
            0.7864804964539007,
            0.7803191489361702,
            0.7911790780141844
        ]
    },
    "evaluation": {
        "samples_looked_at": [
            10000,
            20000,
            30000,
            40000,
            50000,
            60000,
            70000,
            80000,
            90000,
            100000
        ],
        "evaluation_loss": [
            2.5350208619300356,
            1.9037295501790148,
            1.28449482430803,
            1.0692583758780296,
            0.962315547314096,
            0.810246030751695,
            0.836290291015138,
            0.6807659980591307,
            0.7178065010841856,
            0.6758205655026943
        ],
        "evaluation_accuracy": [
            0.359468085106383,
            0.44457446808510637,
            0.629095744680851,
            0.6676063829787234,
            0.7199468085106383,
            0.7587234042553191,
            0.7592021276595745,
            0.7834574468085106,
            0.7720744680851064,
            0.789468085106383
        ]
    }
}