{
    "validation": {
        "samples_looked_at": [
            1000,
            2000,
            3000,
            4000,
            5000,
            6000,
            7000,
            8000,
            9000,
            10000
        ],
        "validation_loss": [
            3.7178518943786623,
            3.3412252082824705,
            3.0362070045471192,
            2.9462821521759035,
            2.3085464668273925,
            2.2262345275878905,
            2.3055656242370604,
            2.0354309787750244,
            1.8475291996002197,
            1.929419051170349
        ],
        "validation_accuracy": [
            0.043500000059604645,
            0.09149999994039536,
            0.2,
            0.21700000011920928,
            0.35750000047683717,
            0.35500000047683716,
            0.3484999997615814,
            0.4245,
            0.4734999997615814,
            0.45600000047683714
        ]
    },
    "evaluation": {
        "samples_looked_at": [
            1000,
            2000,
            3000,
            4000,
            5000,
            6000,
            7000,
            8000,
            9000,
            10000
        ],
        "evaluation_loss": [
            3.7172874015808106,
            3.334691220474243,
            3.0428402465820312,
            2.95754457321167,
            2.302033656311035,
            2.22363293800354,
            2.285551758956909,
            2.041243194961548,
            1.8365397953033447,
            1.951202931213379
        ],
        "evaluation_accuracy": [
            0.0447,
            0.0991,
            0.2141,
            0.2243,
            0.3676,
            0.3658,
            0.351,
            0.4236,
            0.4713,
            0.4485
        ]
    }
}
